_id,fullname,email,password,__v
668c3f0b0c1db75ced0c7007,Tasnim,abc@gmail.com,123,0
668c40e6a8b6e263f4fdfc9f,TasnimRahman,abcd@gmail.com,$2a$08$eU1fITxoYOw9xKVKPOghCei0O7fi1/3ljctqOIBLZmbdGKgeb4pL6,0
668c4b392c403a82d8aac8dc,as,abc456@gmail.com,$2a$08$qSE9iWPM/wEsGzPpPQbuZ.BY4KEyvDSScAjcMDyIAqTvyywpMAtpa,0
668c4bab2c403a82d8aac8e1,TasnimRahman,abcde@gmail.com,$2a$08$G53iLEtjS/wKsum8fJHgleo0xHdLYwp.l8bHTZCuba1XB0DwzUa4y,0
668c4eabfc0415c616140413,anil,anil@gmail.com,$2a$08$M3PAEWpTZrfZG7Z7U9Ad6.YuWSMX1j79lPwKCCUDwyEu8MyMI02bG,0
668c4ef3fc0415c616140417,abcdttt,anilk@gmail.com,$2a$08$dkMTUXA/NP9MfukZcAxTK.YrlezVUGt42KxSut4aYnG.EsIvnPXam,0
668c4f5dfc0415c61614041a,anil,akib12@gmail.com,$2a$08$waNzY9KD/bsiKxvR11en6ejSC0.TQ1tDOGUVFf26xzn4mIUVMtY.q,0
668c506c18a589acf459829a,anila,akiba12@gmail.com,$2a$08$N3.rhL/hBrzi97eDKI9rv.iroI6ldk5MDQCOaiTz.VQmWFdtXRW3.,0
668c514f3dcb980a1489e8fb,aa,abc2@gmail.com,$2a$08$/TD3tO4mPOGlf44Kgb3IneqivpL25N5N5oOK4DmayQ4P7RydGR87u,0
668c51733dcb980a1489e8fe,a,a@gmail.com,$2a$08$RzNChAODGcBs/clAkacw1OnBzKPzTPY.aRO9TvMupHj/XQ2qTaDvW,0
668c52263dcb980a1489e902,aa,aa@gmail.com,$2a$08$aCfkEDH2dg61vkYvJZVU5uQmugv1RJtHCOMTFmCB.59WW9hmWqX3C,0
668c58ab3dcb980a1489e914,b,b@gmail.com,$2a$08$aS3DxSaWTFbwb3HaV3VUmO1qP./AFr.inbHlT.OJme6ClypyDd63a,0
668d865263095b8a5204ac36,aaa,aaa@gmail.com,$2a$08$52o5oYdrdqTdWkE5Qp7ZVe.KofS7y8Z.HbQ1PcXvbf/L1ZK.H.cbO,0
668ecb79eee1deab690c6c12,ab1,ab1@gmail.com,$2a$08$7XZ1Hgrhovc3Ze4F4meneuE3/FR839I7SjbO8cDkpsy./O1PzrlCO,0
